id;reg_number;first_name;middle_name;last_name;dob;father_name;email;mobile_number;nationality;gender;religion;adhar_number;blood_group;is_approved;catagory;identity_type;identity_number;image;image_content_type;signature;signature_content_type;adhar;adhar_content_type;image_path;sign_path;adhar_path
1;Representative;Albertha;Intranet SAS gold;Kuhn;2022-04-12T14:02:32;Tasty Vision-oriented;Edd35@yahoo.com;Applications;Ball Security;FEMALE;Idaho Senior Forward;Music;A_NEG;true;monitor hacking;ADHAR;ROI;../fake-data/blob/hipster.png;image/png;../fake-data/blob/hipster.png;image/png;../fake-data/blob/hipster.png;image/png;e-tailers Investment;Developer quantifying 6th;Intelligent Arkansas
2;reboot dot-com;Dewitt;Jewelery Associate;Davis;2022-04-11T16:25:44;mobile Metrics;Kim_Stiedemann33@hotmail.com;GB Wyoming FTP;Arkansas Berkshire Product;FEMALE;black;Computer;AB_NEG;true;Rubber synthesizing;COLLEGE_ID_CARD;Centers;../fake-data/blob/hipster.png;image/png;../fake-data/blob/hipster.png;image/png;../fake-data/blob/hipster.png;image/png;Tactics Throughway;hack global;Interactions ROI SMTP
3;interface bluetooth;Otilia;&;Olson;2022-04-12T08:15:37;Handcrafted synergize;Garnett53@yahoo.com;Kids Account;Cross-group bypass;MALE;evolve;Granite Chicken connecting;O_NEG;false;architectures Taiwan;ADHAR;compressing Mexico;../fake-data/blob/hipster.png;image/png;../fake-data/blob/hipster.png;image/png;../fake-data/blob/hipster.png;image/png;connect Human Philippines;Home Dynamic Towels;grey attitude
4;card;Myra;orchid;Predovic;2022-04-12T15:22:12;Beauty;Lucious_Rempel56@hotmail.com;back;Bike;MALE;alarm;payment next-generation;AB_POS;true;granular matrix;ADHAR;Small;../fake-data/blob/hipster.png;image/png;../fake-data/blob/hipster.png;image/png;../fake-data/blob/hipster.png;image/png;Borders;generate;relationships Associate
5;PNG Chips Outdoors;Sophie;SDD Automotive Dominican;Mueller;2022-04-12T00:44:32;Concrete;Shanny_Frami72@hotmail.com;Paraguay;THX copying;OTHER;eyeballs Denar THX;firewall Applications;O_NEG;true;systematic Regional bypass;COLLEGE_ID_CARD;Operative Camp Fords;../fake-data/blob/hipster.png;image/png;../fake-data/blob/hipster.png;image/png;../fake-data/blob/hipster.png;image/png;Plastic Berkshire salmon;withdrawal capability;Ouguiya sky
6;Bedfordshire Keyboard needs-based;Forrest;Future 1080p benchmark;Beahan;2022-04-12T11:27:01;Plastic Forward orange;Melissa_Denesik77@hotmail.com;payment;Mobility Island Guinea;FEMALE;mission-critical;neural;B_POS;true;disintermediate core;COLLEGE_ID_CARD;Berkshire Concrete;../fake-data/blob/hipster.png;image/png;../fake-data/blob/hipster.png;image/png;../fake-data/blob/hipster.png;image/png;interactive Account;Idaho withdrawal;Home standardization
7;Shirt Identity Ngultrum;Kailey;Sleek deliver;Hand;2022-04-12T12:38:23;Direct Corporate Specialist;Libbie.Stamm@yahoo.com;withdrawal;Tasty primary;OTHER;conglomeration;Tuna Place online;B_POS;false;Data;PAN_CARD;Frozen Port Rubber;../fake-data/blob/hipster.png;image/png;../fake-data/blob/hipster.png;image/png;../fake-data/blob/hipster.png;image/png;orchestration;1080p Wooden Supervisor;Shirt user-centric
8;reboot Rubber Malawi;Myra;Coordinator;Strosin;2022-04-11T23:22:20;solid;Bernard87@gmail.com;SMTP;brand Savings;FEMALE;Intranet;Avon Cotton;A_NEG;false;Fresh;COLLEGE_ID_CARD;Grocery Buckinghamshire Officer;../fake-data/blob/hipster.png;image/png;../fake-data/blob/hipster.png;image/png;../fake-data/blob/hipster.png;image/png;Expressway Keyboard;circuit Pines;fuchsia target
9;payment;Erich;indigo Handcrafted;Goodwin;2022-04-12T08:06:24;sticky SSL Tools;Louisa_Beier@gmail.com;convergence Investment;Bedfordshire Computers;OTHER;Concrete;Refined Research;A_POS;false;Ergonomic back Delaware;ADHAR;ability Central;../fake-data/blob/hipster.png;image/png;../fake-data/blob/hipster.png;image/png;../fake-data/blob/hipster.png;image/png;superstructure Grass-roots;Steel;Car drive Intelligent
10;hacking;Lyric;compressing archive;Schmidt;2022-04-12T03:14:12;Chicken;Carter41@gmail.com;Metical Group;Indonesia Concrete;MALE;Plastic red Tanzanian;Rubber Unions foreground;NO_ANSWER;true;e-business Euro Soft;PAN_CARD;copying cross-platform B2C;../fake-data/blob/hipster.png;image/png;../fake-data/blob/hipster.png;image/png;../fake-data/blob/hipster.png;image/png;value-added conglomeration;Regional;scalable Account
